0,0.0
1,0.0
2,0.0
3,0.0
4,21.001509538880512
5,0.0
6,42.00301768546973
7,0.0
8,63.004528620925534
9,0.0
10,105.00754944014561
11,0.0
12,147.01056188415006
13,0.0
14,210.01510584174642
15,0.0
16,231.0166049119776
17,0.0
18,147.0105655427064
19,0.0
20,20.99856849652755
21,0.0
22,20.998835726934576
23,0.0
24,20.999057684096343
25,0.0
26,20.99924588692023
27,0.0
28,20.99940959272495
29,0.0
30,0.0
31,0.0
32,2.416509063267033
33,0.0
34,21.265279747821317
35,0.0
36,83.22457259757046
37,0.0
38,40.68193106461286
39,0.0
40,147.334560606038
41,0.0
42,63.98916049915719
43,0.0
44,85.83440401199776
45,0.0
46,19.67038425116123
47,0.0
48,0.0
49,0.0
50,42.917201993292835
51,0.0
52,42.91720200599888
53,0.0
54,0.0
55,0.0
56,21.01154681345163
57,0.0
58,21.01154681027512
59,0.0
60,84.04618725380652
61,0.0
62,0.0
63,0.0
64,0.0
65,0.0
66,0.0
67,0.0
68,0.0
69,0.0
70,0.0
71,0.0
72,21.458600996646418
73,0.0
74,0.0
75,0.0
76,0.0
77,0.0
78,0.0
79,0.0
80,0.0
81,0.0
82,0.0
83,0.0
84,0.0
85,0.0
86,0.0
87,0.0
88,1.6915563429132967
89,0.0
90,21.265279744387254
91,0.0
92,88.58922283574304
93,0.0
94,42.47014780692154
95,0.0
96,154.41493235773595
97,0.0
98,67.08229219739174
99,0.0
100,96.5637044849089
101,0.0
102,25.03503451302888
103,0.0
104,0.0
105,0.0
106,50.070069000645674
107,0.0
108,50.070069000645674
109,0.0
110,0.0
111,0.0
112,25.035034500322837
113,0.0
114,25.035034500322837
115,0.0
116,100.14013800129135
117,0.0
118,0.0
119,0.0
120,0.0
121,0.0
122,0.0
123,0.0
124,0.0
125,0.0
126,0.0
127,0.0
128,25.03503448761679
129,0.0
130,0.0
131,0.0
132,0.0
133,0.0
134,0.0
135,0.0
136,0.0
137,0.0
138,0.0
139,0.0
140,0.0
141,0.0
142,0.0
143,0.0
144,0.0
145,12.565847531575567
146,0.0
147,25.13169425522989
148,0.0
149,87.96093107076783
150,0.0
151,62.73257631151016
152,0.0
153,188.64880785847174
154,0.0
155,206.9015078505635
156,0.0
157,314.42005359348457
158,0.0
159,166.80356830797092
160,0.0
161,188.72935779925967
162,0.0
163,185.15292711769862
164,0.0
165,219.34652949788594
166,0.0
167,121.98537799696157
168,0.0
169,462.0365327647886
170,0.0
171,360.8814677749882
172,0.0
173,334.2273743067408
174,0.0
175,74.1384985635051
176,0.0
177,378.1836682879665
178,0.0
179,296.31234491809204
180,0.0
181,272.7755480781349
182,0.0
183,40.68193106143635
184,0.0
185,147.3345606637303
186,0.0
187,85.4477614958036
188,0.0
189,128.31663382884759
190,0.0
191,21.011546822981167
192,0.0
193,105.31146699235586
194,0.0
195,84.96445968452383
196,0.0
197,85.3994318286866
198,0.0
199,21.01154681027512
200,0.0
201,105.31146699235586
202,0.0
203,84.96445967078756
204,0.0
205,85.39943183555474
206,0.0
207,21.01154681027512
208,0.0
209,105.31146699235586
210,0.0
211,84.96445968452383
212,0.0
213,85.39943188637892
214,0.0
215,21.01154681027512
216,0.0
217,105.31146699235586
218,0.0
219,63.50585868787741
220,0.0
221,42.917201993292835
222,0.0
223,19.67038425116123
224,0.0
225,0.0
226,0.0
227,42.917201993292835
228,0.0
229,42.917201993292835
230,0.0
231,0.0
232,0.0
233,21.01154681027512
234,0.0
235,21.01154681027512
236,0.0
237,84.04618724110048
238,0.0
239,0.0
240,0.0
241,0.0
242,0.0
243,0.0
244,0.0
245,0.0
246,0.0
247,0.0
248,0.0
249,21.458600996646418
250,0.0
251,0.0
252,0.0
253,0.0
254,0.0
255,0.0
256,0.0
257,0.0
258,0.0
259,0.0
260,0.0
261,0.0
262,0.0
263,0.0
264,0.0
265,1.9332072588553846
266,0.0
267,20.781977939975604
268,0.0
269,87.62261916235931
270,0.0
271,42.47014788315781
272,0.0
273,0.0
274,155.38153601841364
275,0.0
276,67.56559391183086
277,0.0
278,94.77548791730831
279,0.0
280,25.035034538440968
281,0.0
282,0.0
283,0.0
284,51.85828582236712
285,0.0
286,50.07006897523358
287,0.0
288,0.0
289,0.0
290,25.482088699400176
291,0.0
292,25.03503448761679
293,0.0
294,101.9283547976007
295,0.0
296,0.0
297,0.0
298,0.0
299,0.0
300,0.0
301,0.0
302,0.0
303,0.0
304,0.0
305,0.0
306,25.035034538440968
307,0.0
308,0.0
309,0.0
310,0.0
311,0.0
312,0.0
313,0.0
314,0.0
315,0.0
316,0.0
317,0.0
318,0.0
319,0.0
320,0.0
321,0.0
322,12.565847526996812
323,0.0
324,25.614996052773407
325,0.0
326,89.16918566859246
327,0.0
328,53.3081905601213
329,0.0
330,256.6332624351677
331,0.0
332,205.11329105013323
333,0.0
334,322.7972824607707
335,0.0
336,168.60968863407965
337,0.0
338,186.76260579402552
339,0.0
340,163.34169401688555
341,0.0
342,181.28338645911452
343,0.0
344,80.0226995637588
345,0.0
346,416.6507447912476
347,0.0
348,319.1241906455251
349,0.0
350,340.25299818841074
351,0.0
352,62.58758626986615
353,0.0
354,315.1467983286695
355,0.0
356,252.0329501398786
357,0.0
358,199.69704503878899
359,0.0
360,0.0
361,0.0
362,26.262181283928584
363,0.0
364,0.0
365,0.0
366,72.48371537403938
367,0.0
368,0.0
369,0.0
370,20.92062137441704
371,0.0
372,0.0
373,0.0
374,117.77317337880123
375,0.0
376,0.0
377,0.0
378,1.9560229089908163
379,0.0
380,0.0
381,0.0
382,0.9059474531894821
383,0.0
384,0.0
385,0.0
386,0.41179432424031004
387,0.0
388,0.0
389,0.0
390,0.7549562110205684
391,0.0
392,0.0
393,0.0
394,0.5226619922348551
395,0.0
396,0.0
397,0.0
398,25.200340750912705
399,0.0
400,0.0
401,0.0
402,1.9332072725916483
403,0.0
404,1.9332073076191207
405,0.0
406,21.458600996646418
407,0.0
408,0.0
409,0.0
410,0.0
411,25.01650405200694
412,0.0
413,0.0
414,0.0
415,25.325348943783027
416,0.0
417,0.0
418,0.0
419,1.933207245119121
420,0.0
421,25.035034504558183
422,0.0
423,25.01650407834071
424,0.0
425,0.0
426,0.0
427,0.0
428,0.0
429,25.32534892622718
430,0.0
431,0.0
432,0.0
433,6.28292357410967
434,0.0
435,41.126653011573886
436,0.0
437,69.13188789275588
438,0.0
439,101.1550623434808
440,0.0
441,128.34054456135365
442,0.0
443,167.97055268599618
444,0.0
445,201.55212449247088
446,0.0
447,117.59149454512223
448,0.0
449,16.797574563434775
450,0.0
451,16.79988621443082
452,0.0
453,16.798785948971833
454,0.0
455,16.797853160879505
456,0.0
457,16.79965061087806
458,0.0
459,0.0
460,0.0
461,16.796719628767075
462,0.0
463,33.5978094380577
464,0.0
465,50.397642468543324
466,0.0
467,83.99588504679038
468,0.0
469,117.59595429130223
470,0.0
471,168.00491968681806
472,0.0
473,184.74212080274845
474,0.0
475,117.56764738616855
476,0.0
477,16.793127622976275
478,0.0
479,16.801328430105766
480,0.0
481,16.7813134766163
482,0.0
483,16.80403269414802
484,0.0
485,16.732599298192827
486,0.0
487,0.0
488,177.03345824853912
489,0.0
490,0.0
491,0.0
492,288.7970051248669
493,0.0
494,0.0
495,0.0
496,0.0
497,0.0
498,0.0
499,0.0
500,118.91641387494522
501,0.0
502,178.9249513134845
503,0.0
504,16.093950753837834
505,0.0
506,82.25797050514484
507,0.0
508,16.988059123403918
509,0.0
510,101.92835474995304
511,0.0
512,88.04792513838031
513,0.0
514,210.4544915163347
515,0.0
516,211.88987798680307
517,0.0
518,50.07006900699869
519,0.0
520,50.96417737974129
521,0.0
522,33.52906406678956
523,0.0
524,83.15207887471091
525,0.0
526,123.61652337081381
527,0.0
528,48.952721307692244
529,0.0
530,50.96417737974129
531,0.0
532,16.988059126580428
533,0.0
534,0.0
535,0.0
536,74.65283556597903
537,0.0
538,0.0
539,0.0
540,79.6420581904754
541,0.0
542,0.0
543,0.0
544,0.0
545,0.0
546,0.0
547,0.0
548,43.646182063310164
549,0.0
550,32.411716362274774
551,0.0
552,27.403213250925717
553,0.0
554,32.85877054229305
555,0.0
556,0.0
557,0.0
558,0.0
559,0.0
560,0.0
561,0.0
562,73.75872719280038
563,0.0
564,0.0
565,0.0
566,0.0
567,0.0
568,0.0
569,0.0
570,0.0
571,0.0
572,0.0
573,0.0
574,27.105177125876907
575,0.0
576,32.85877054864607
577,0.0
578,0.0
579,0.0
580,0.0
581,0.0
582,0.0
583,0.0
584,0.0
585,0.0
586,0.0
587,0.0
588,0.0
589,0.0
590,0.0
591,0.0
592,0.0
593,0.0
594,0.0
595,0.0
596,0.0
597,0.0
598,0.0
599,0.0
600,0.0
601,0.0
602,0.0
603,0.0
604,0.0
605,0.0
606,0.0
607,0.0
608,0.0
609,0.0
610,0.0
611,0.0
612,0.0
613,0.0
614,0.0
615,0.0
616,0.0
617,0.0
618,0.0
619,0.0
620,0.0
621,0.0
622,0.0
623,0.0
624,0.0
625,0.0
626,0.0
627,0.0
628,0.0
629,0.0
630,0.0
631,0.0
632,0.0
633,0.0
634,0.0
635,0.0
636,0.0
637,0.0
638,0.0
639,0.0
640,0.0
641,0.0
642,0.0
643,0.0
644,0.0
645,0.0
646,0.0
647,0.0
648,0.0
649,0.0
650,0.0
651,0.0
652,0.0
653,0.0
654,0.0
655,0.0
656,0.0
657,0.0
658,0.0
659,0.0
660,0.0
661,0.0
662,0.0
663,0.0
664,0.0
665,0.0
666,0.0
667,0.0
668,0.0
669,0.0
670,0.0
671,0.0
672,0.0
673,0.0
674,0.0
675,0.0
676,0.0
677,0.0
678,0.0
679,0.0
680,0.0
681,0.0
682,0.0
683,0.0
684,0.0
685,0.0
686,0.0
687,0.0
688,0.0
689,0.0
690,0.0
691,0.0
692,0.0
693,0.0
694,0.0
695,0.0
696,0.0
697,0.0
698,0.0
699,0.0
700,0.0
701,0.0
702,0.0
703,0.0
704,0.0
705,0.0
706,0.0
707,0.0
708,0.0
709,0.0
710,0.0
711,0.0
712,0.0
713,0.0
714,0.0
715,0.0
716,0.0
717,0.0
718,0.0
719,0.0
720,0.0
721,0.0
722,0.0
723,0.0
724,0.0
725,0.0
726,0.0
727,0.0
728,0.0
729,0.0
730,0.0
731,0.0
732,0.0
733,0.0
734,0.0
735,0.0
736,0.0
737,0.0
738,0.0
739,0.0
740,0.0
741,0.0
742,0.0
743,0.0
744,0.0
745,0.0
746,0.0
747,0.0
748,0.0
749,0.0
750,0.0
751,0.0
752,0.0
753,0.0
754,0.0
755,0.0
756,0.0
757,0.0
758,0.0
759,0.0
760,0.0
761,0.0
762,0.0
763,0.0
764,0.0
765,0.0
766,0.0
767,0.0
768,0.0
769,0.0
770,0.0
771,0.0
772,0.0
773,0.0
774,0.0
775,0.0
776,0.0
777,0.0
778,0.0
779,0.0
780,0.0
781,0.0
782,0.0
783,0.0
784,0.0
785,0.0
786,0.0
787,0.0
788,0.0
789,0.0
790,0.0
791,0.0
792,0.0
793,0.0
794,0.0
795,0.0
796,0.0
797,0.0
798,42.91720189164448
799,0.0
800,0.0
801,0.0
802,19.670384200337054
803,0.0
804,0.0
805,0.0
806,0.0
807,0.0
808,0.0
809,0.0
810,0.0
811,0.0
812,0.0
813,0.0
814,0.0
815,0.0
816,42.91720189164448
817,0.0
818,0.0
819,0.0
820,42.91720189164448
821,0.0
822,0.0
823,0.0
824,208.32725120479347
825,0.0
826,0.0
827,0.0
828,150.21020697652492
829,0.0
830,62.58758629527824
831,0.0
832,0.0
833,0.0
834,0.0
835,41.725057530185495
836,0.0
837,0.0
838,0.0
839,21.458601047470594
840,0.0
841,22.106743092880894
842,0.0
843,42.917201993292835
844,0.0
845,62.58758629527824
846,0.0
847,0.0
848,0.0
849,151.5669035012589
850,0.0
851,21.458600996646418
852,0.0
853,156.265862896332
854,0.0
855,42.06566982951195
856,0.0
857,61.991513995959004
858,0.0
859,107.29300506793905
860,0.0
861,62.8292376624566
862,0.0
863,125.43063089672077
864,0.0
865,211.26733845916075
866,0.0
867,177.40076480808142
868,0.0
869,147.82591810113442
870,0.0
871,21.100957288964217
872,0.0
873,233.71299793575824
874,0.0
875,202.86433110853568
876,0.0
877,210.65193286945996
878,0.0
879,312.69949902859577
880,0.0
881,84.04618724110048
882,0.0
883,77.51919510208505
884,0.0
885,21.01154681027512
886,0.0
887,336.5423896899413
888,0.0
889,147.47230433134268
890,0.0
891,173.27820228009705
892,0.0
893,42.20191453726909
894,0.0
895,104.90871605701741
896,0.0
897,121.35306072605344
898,0.0
899,94.91899192192803
900,0.0
901,90.15592783899905
902,0.0
903,208.78316449878895
904,0.0
905,152.14744180107527
906,0.0
907,61.69347787171147
908,0.0
909,110.2733662257074
910,0.0
911,42.91720209494119
912,0.0
913,63.48169461719666
914,0.0
915,52.58323861884266
916,0.0
917,84.4932413766476
918,0.0
919,138.45132794338025
920,0.0
921,105.95184252576655
922,0.0
923,210.67089873360206
924,0.0
925,0.0
926,0.0
927,141.45878229462622
928,0.0
929,83.3309001194174
930,0.0
931,42.47014775609736
932,0.0
933,188.27367570146
934,0.0
935,62.28955015408932
936,0.0
937,0.0
938,0.0
939,105.17050501339605
940,0.0
941,21.45860101358781
942,0.0
943,26.823251133891812
944,0.0
945,28.969795128309627
946,0.0
947,92.89786000470683
948,0.0
949,41.88615844163773
950,0.0
951,155.9026968514614
952,0.0
953,0.0
954,0.0
955,42.559558285610635
956,0.0
957,62.370100603710426
958,0.0
959,0.0
960,0.0
961,67.95223652608666
962,0.0
963,0.0
964,0.0
965,64.9346680786622
966,0.0
967,21.01154681027512
968,0.0
969,0.0
970,74.48064609184718
971,0.0
972,0.0
973,0.0
974,104.32472580009745
975,0.0
976,0.0
977,0.0
978,74.13648608445799
979,0.0
980,20.564492623903824
981,0.0
982,70.41103453136384
983,0.0
984,41.61497224459652
985,0.0
986,36.65844335868259
987,0.0
988,42.447708615749775
989,0.0
990,15.646896548407472
991,0.0
992,83.40753729795233
993,0.0
994,41.576039434178945
995,0.0
996,62.9707748205078
997,0.0
998,146.12285415825346
999,0.0
1000,95.3692571994385
1001,0.0
1002,41.725057530185495
1003,0.0
1004,105.32527459617697
1005,0.0
1006,83.92697244245458
1007,0.0
1008,84.87642989461656
1009,0.0
1010,41.96348607438664
1011,0.0
1012,63.66983689036765
1013,0.0
1014,62.95259366852924
1015,0.0
1016,42.02309362055024
1017,0.0
1018,104.75969796101086
1019,0.0
1020,42.02309362055024
1021,0.0
1022,104.84910846002963
1023,0.0
1024,104.90871604007602
1025,0.0
1026,63.9784215191782
1027,0.0
1028,46.173912468058596
1029,0.0
1030,146.52100403078737
1031,0.0
1032,20.862528765092748
1033,0.0
1034,125.8705901347409
1035,0.0
1036,62.73660427269505
1037,0.0
1038,105.15707941483052
1039,0.0
1040,0.0
1041,0.0
1042,104.56100720021824
1043,0.0
1044,145.79202299317427
1045,0.0
1046,185.7404057417343
1047,0.0
1048,21.160564855457494
1049,0.0
1050,84.13559771978959
1051,0.0
1052,27.828518930580465
1053,0.0
1054,146.36553951748178
1055,0.0
1056,11.277042646093223
1057,0.0
1058,252.08746545739825
1059,0.0
1060,274.57803144493573
1061,0.0
1062,83.68854251082213
1063,0.0
1064,24.547338587218483
1065,0.0
1066,41.84427119442205
1067,0.0
1068,47.81041281869674
1069,0.0
1070,104.19342902681784
1071,0.0
1072,126.66535317791136
1073,0.0
1074,209.95656320243853
1075,0.0
1076,41.94181028053318
1077,0.0
1078,146.99141536981642
1079,0.0
1080,147.92074699681157
1081,0.0
1082,241.7796749769767
1083,0.0
1084,168.45814349127374
1085,0.0
1086,126.33751235870702
1087,0.0
1088,126.0774080372858
1089,0.0
1090,62.22994177736253
1091,0.0
1092,5.36465014270556
1093,0.0
1094,170.3515413875432
1095,0.0
1096,209.16175228549335
1097,0.0
1098,63.06444330236184
1099,0.0
1100,146.1867194008316
1101,0.0
1102,168.13494968131292
1103,0.0
1104,83.15207897000624
1105,0.0
1106,0.0
1107,80.46975376142437
1108,0.0
1109,98.4264303631043
1110,0.0
1111,104.6603524620248
1112,0.0
1113,140.21122949810692
1114,0.0
1115,105.50478820951125
1116,0.0
1117,146.76150131382312
1118,0.0
1119,125.32419045785424
1120,0.0
1121,42.02309362055024
1122,0.0
1123,41.87407560077996
1124,0.0
1125,20.94768156769696
1126,0.0
1127,189.01876582088315
1128,0.0
1129,84.50532331033962
1130,0.0
1131,84.04618724110048
1132,0.0
1133,42.4062825135192
1134,0.0
1135,108.34104560989435
1136,0.0
1137,125.21774879951819
1138,0.0
1139,146.60296866629756
1140,0.0
1141,48.45215847447801
1142,0.0
1143,83.5766939143816
1144,0.0
1145,189.19770098212678
1146,0.0
1147,41.725057530185495
1148,0.0
1149,84.21649249551089
1150,0.0
1151,104.39779659902557
1152,0.0
1153,104.78098552103691
1154,0.0
1155,143.9393659977373
1156,0.0
1157,126.41564509337697
1158,0.0
1159,125.89782362529658
1160,0.0
1161,104.54681457160197
1162,0.0
1163,126.00541561907256
1164,0.0
1165,41.725057530185495
1166,0.0
1167,84.23778150008496
1168,0.0
1169,57.48069765869733
1170,0.0
1171,41.89536307730915
1172,0.0
1173,83.09247062377395
1174,0.0
1175,62.84304470309088
1176,0.0
1177,126.43685779275107
1178,0.0
1179,84.20007574308418
1180,0.0
1181,10.632640396802199
1182,0.0
1183,66.93442517905805
1184,0.0
1185,42.02309367137442
1186,0.0
1187,84.12405288635566
1188,0.0
1189,20.862528742504225
1190,0.0
1191,63.03464043082536
1192,0.0
1193,63.012201838750464
1194,0.0
1195,167.42585529722666
1196,0.0
1197,0.0
1198,0.0
1199,115.27151274235416
1200,0.0
1201,0.0
1202,0.0
1203,42.02309362055024
1204,0.0
1205,80.33474669114696
1206,0.0
1207,84.36409132049474
1208,0.0
1209,42.00429873553997
1210,0.0
1211,0.0
1212,0.0
1213,62.736604340460616
1214,0.0
1215,68.7625721879831
1216,0.0
1217,59.54063657212551
1218,0.0
1219,182.31295370074866
1220,0.0
1221,0.0
1222,0.0
1223,105.19823488321279
1224,0.0
1225,62.81957091686491
1226,0.0
1227,7.320871899976588
1228,0.0
1229,219.9506594757645
1230,0.0
1231,5.109190612100534
1232,0.0
1233,62.817498732604946
1234,0.0
1235,80.51539824576281
1236,0.0
1237,39.8858258371873
1238,0.0
1239,84.22500819170212
1240,0.0
1241,62.58758622751267
1242,0.0
1243,0.0
1244,161.6693491492657
1245,0.0
1246,59.30918882690705
1247,0.0
1248,41.837828446876266
1249,0.0
1250,163.32379474339012
1251,0.0
1252,0.0
1253,0.0
1254,51.475096035608914
1255,0.0
1256,20.97090515874811
1257,0.0
1258,88.44796756096233
1259,0.0
1260,107.76940166668126
1261,0.0
1262,124.65803924892381
1263,0.0
1264,62.229941899340545
1265,0.0
1266,104.73840769327288
1267,0.0
1268,125.40508457847679
1269,0.0
1270,47.48682043096293
1271,0.0
1272,21.203141098301987
1273,0.0
1274,73.8686558469899
1275,0.0
1276,125.79253233131203
1277,0.0
1278,188.5602042050782
1279,0.0
1280,189.42324499369107
1281,0.0
1282,42.02309362055024
1283,0.0
1284,200.9488403807024
1285,0.0
1286,46.58492606418001
1287,0.0
1288,42.47014782386293
1289,0.0
1290,42.20191453726909
1291,0.0
1292,52.15632183367204
1293,0.0
1294,114.5151450188812
1295,0.0
1296,178.70165455794486
1297,0.0
1298,104.09032468550305
1299,0.0
1300,83.61121600845327
1301,0.0
1302,105.01906933345583
1303,0.0
1304,63.12405088918479
1305,0.0
1306,63.06444326847905
1307,0.0
1308,125.77124477128598
1309,0.0
1310,130.35294675556307
1311,0.0
1312,41.81676273825208
1313,0.0
1314,62.468371455973
1315,0.0
1316,62.885622351760205
1317,0.0
1318,124.69831316556994
1319,0.0
1320,41.993618077100706
1321,0.0
1322,89.78074154123682
1323,0.0
1324,62.84304470309088
1325,0.0
1326,42.20191453726909
1327,0.0
1328,41.89536313539392
1329,0.0
1330,84.42937610502706
1331,0.0
1332,30.96144440556399
1333,0.0
1334,20.943079220818866
1335,0.0
1336,41.89536313539392
1337,0.0
1338,20.862528765092748
1339,0.0
1340,0.0
1341,0.0
1342,42.04725971952198
1343,0.0
1344,0.0
1345,0.0
1346,21.01154681027512
1347,0.0
1348,126.02707191878062
1349,0.0
1350,38.34731476612495
1351,0.0
1352,62.99839330233376
1353,0.0
1354,45.22201393589407
1355,0.0
1356,0.0
1357,0.0
1358,21.01154681027512
1359,0.0
1360,25.346495884266325
1361,0.0
1362,20.18130295845645
1363,0.0
1364,21.023628845615494
1365,0.0
1366,21.01154681027512
1367,0.0
1368,63.011818855569615
1369,0.0
1370,85.48669524837625
1371,0.0
1372,28.611468040705603
1373,0.0
1374,41.81021033278971
1375,0.0
1376,0.0
1377,0.0
1378,63.08431311255282
1379,0.0
1380,0.0
1381,42.12243898400516
1382,0.0
1383,21.05047963290271
1384,0.0
1385,40.607422038845165
1386,0.0
1387,63.11250607608054
1388,0.0
1389,105.03280160238265
1390,0.0
1391,21.01154681027512
1392,0.0
1393,0.0
1394,0.0
1395,42.214687908577105
1396,0.0
1397,78.53251893122689
1398,0.0
1399,41.72505748500845
1400,0.0
1401,42.02309362055024
1402,0.0
1403,52.382015259589764
1404,0.0
1405,29.53971407042419
1406,0.0
1407,126.74624680069408
1408,0.0
1409,20.94768156769696
1410,0.0
1411,38.31892967788116
1412,0.0
1413,26.631656508997796
1414,0.0
1415,52.21592814279461
1416,0.0
1417,42.19224873310394
1418,0.0
1419,146.34425041997207
1420,0.0
1421,0.0
1422,0.0
1423,99.64072625610854
1424,0.0
1425,42.32112977868056
1426,0.0
1427,50.07006900911637
1428,0.0
1429,21.16056488934028
1430,0.0
1431,129.34767833002192
1432,0.0
1433,6.766225601086948
1434,0.0
1435,77.48939257542037
1436,0.0
1437,66.26507346082802
1438,0.0
1439,20.94307921471386
1440,0.0
1441,116.59700265781868
1442,0.0
1443,42.20191453726909
1444,0.0
1445,115.72266612499244
1446,0.0
1447,0.0
1448,0.0
1449,132.2265437263249
1450,0.0
1451,42.20191453726909
1452,0.0
1453,136.89524217994517
1454,0.0
1455,20.743313925787508
1456,0.0
1457,168.09237448220097
1458,0.0
1459,72.79008764616776
1460,0.0
1461,84.04618744439719
1462,0.0
1463,127.14220925880448
1464,0.0
1465,16.242968822314623
1466,0.0
1467,168.80765814907636
1468,0.0
1469,83.50972158732672
1470,0.0
1471,84.40382923717554
1472,0.0
1473,25.035034080611297
1474,0.0
1475,56.92489993457515
1476,0.0
1477,42.02309362055024
1478,0.0
1479,146.03770111846973
1480,0.0
1481,42.232524938067755
1482,0.0
1483,84.64225942182998
1484,0.0
1485,41.725057530185495
1486,0.0
1487,41.486627851575015
1488,0.0
1489,21.06121949200258
1490,0.0
1491,0.0
1492,0.0
1493,62.84304470309088
1494,0.0
1495,0.0
1496,0.0
1497,25.799111446776035
1498,0.0
1499,81.40183563983814
1500,0.0
1501,41.886158441897734
1502,0.0
1503,0.0
1504,0.0
1505,32.55367291184709
1506,0.0
1507,0.0
1508,0.0
1509,53.253636521100276
1510,0.0
1511,0.0
1512,0.0
1513,63.055928058616985
1514,0.0
1515,21.01154681027512
1516,0.0
1517,0.0
1518,0.0
1519,0.0
1520,55.61799707600003
1521,0.0
1522,0.0
1523,0.0
1524,73.22461905187993
1525,0.0
1526,20.922135617540697
1527,0.0
1528,42.150822695041334
1529,0.0
1530,60.08408181902441
1531,0.0
1532,0.0
1533,0.0
1534,20.94768156769696
1535,0.0
1536,0.0
1537,0.0
1538,20.94768156769696
1539,0.0
1540,20.298677102186815
1541,0.0
1542,46.493635357055595
1543,0.0
1544,49.34511721988967
1545,0.0
1546,79.12859114019204
1547,0.0
1548,29.663991389696584
1549,0.0
1550,0.0
1551,0.0
1552,0.0
1553,0.0
1554,21.023628845615494
1555,0.0
1556,32.2624105429729
1557,0.0
1558,10.793740766208437
1559,0.0
1560,79.20310012890045
1561,0.0
1562,63.59178052942635
1563,0.0
1564,67.93612634669739
1565,0.0
1566,85.51757316488865
1567,0.0
1568,0.0
1569,0.0
1570,0.0
1571,0.0
1572,34.71986586617166
1573,0.0
1574,84.25055329228192
1575,0.0
1576,62.42970713539754
1577,0.0
1578,60.01918096968866
1579,0.0
1580,42.1009592413854
1581,0.0
1582,57.95341131057927
1583,0.0
1584,22.502533409126613
1585,0.0
1586,76.15283271042587
1587,0.0
1588,0.0
1589,0.0
1590,77.94611220055913
1591,0.0
1592,80.09922242103623
1593,0.0
1594,66.87689038391488
1595,0.0
1596,42.32112957538385
1597,0.0
1598,67.64211804802508
1599,0.0
1600,43.45366668884773
1601,0.0
1602,42.20835965957425
1603,0.0
1604,128.53358286926442
1605,0.0
1606,85.85856946866753
1607,0.0
1608,76.98353650502857
1609,0.0
1610,34.51770887253731
1611,0.0
1612,105.3565753589201
1613,0.0
1614,34.34079185715086
1615,0.0
1616,98.32372959069875
1617,0.0
1618,0.0
1619,0.0
1620,157.54995035004973
1621,0.0
1622,57.96802604414389
1623,0.0
1624,123.12919583421795
1625,0.0
1626,0.35764338350637814
1627,0.0
1628,58.43924600401188
1629,0.0
1630,84.4038293998129
1631,0.0
1632,21.160564855457494
1633,0.0
1634,180.12244727941817
1635,0.0
1636,62.83383997270465
1637,0.0
1638,93.70255625575112
1639,0.0
1640,105.11814409071484
1641,0.0
1642,16.53966230213854
1643,0.0
1644,20.862528765092748
1645,0.0
1646,40.707821248659656
1647,0.0
1648,0.0
1649,0.0
1650,230.02865095305083
1651,0.0
1652,45.850383640992575
1653,0.0
1654,0.0
1655,169.9807016984891
1656,0.0
1657,10.014013681035728
1658,0.0
1659,21.023628845615494
1660,0.0
1661,2.2352709318564834
1662,0.0
1663,18.329221641223164
1664,0.0
1665,164.89337591871825
1666,0.0
1667,105.19869677915617
1668,0.0
1669,21.023628845615494
1670,0.0
1671,81.4444126489867
1672,0.0
1673,104.43922239271349
1674,0.0
1675,55.53137987144135
1676,0.0
1677,105.80282427728747
1678,0.0
1679,20.862528765092748
1680,0.0
1681,20.862528765092748
1682,0.0
1683,9.23911988555625
1684,0.0
1685,43.15846921347233
1686,0.0
1687,28.380557208031576
1688,0.0
1689,132.28875973363338
1690,0.0
1691,128.39396032604245
1692,0.0
1693,102.67000380641129
1694,0.0
1695,49.40311211925584
1696,0.0
1697,105.50478642449141
1698,0.0
1699,42.20191453726909
1700,0.0
1701,3.5764334284703736
1702,0.0
1703,0.0
1704,0.0
1705,104.96832285864119
1706,0.0
1707,151.3269779867775
1708,0.0
1709,66.06467418559895
1710,0.0
1711,58.564098567112396
1712,0.0
1713,95.18038753440645
1714,0.0
1715,59.78309347852649
1716,0.0
1717,32.366723019930234
1718,0.0
1719,0.0
1720,0.0
1721,4.470541863712967
1722,0.0
1723,8.046975456331694
1724,0.0
1725,65.3444204530386
1726,0.0
1727,16.0939504465982
1728,0.0
1729,73.83643533761938
1730,0.0
1731,72.07104232151033
1732,0.0
1733,42.91720189164448
1734,0.0
1735,33.380045915723485
1736,0.0
1737,11.17635460845824
1738,0.0
1739,24.384773434019138
1740,0.0
1741,0.0
1742,0.0
1743,67.25720208424735
1744,0.0
1745,83.45471717697862
1746,0.0
1747,79.57564568233258
1748,0.0
1749,132.92948171322536
1750,0.0
1751,20.712935166749215
1752,0.0
1753,28.015395611502356
1754,0.0
1755,99.72127655334475
1756,0.0
1757,117.07181183749215
1758,0.0
1759,21.45860094582224
1760,0.0
1761,93.37045986149538
1762,0.0
1763,84.42477393829026
1764,0.0
1765,83.36956423525385
1766,0.0
1767,114.4877582815277
1768,0.0
1769,55.335757019892945
1770,0.0
1771,41.51217424242496
1772,0.0
1773,285.476030151446
1774,0.0
1775,63.151438862078095
1776,0.0
1777,106.88565062883474
1778,0.0
1779,83.89716919591811
1780,0.0
1781,61.3551664470358
1782,0.0
1783,42.20191453726909
1784,0.0
1785,84.04618724110048
1786,0.0
1787,221.41264305637145
1788,0.0
1789,161.72487227947832
1790,0.0
1791,0.0
1792,227.5674927758103
1793,0.0
1794,0.0
1795,0.0
1796,79.8396017176974
1797,0.0
1798,104.9489890700911
1799,0.0
1800,41.486627770256334
1801,0.0
1802,288.6471773879157
1803,0.0
1804,191.4726752730373
1805,0.0
1806,69.23056858662054
1807,0.0
1808,179.81512872519238
1809,0.0
1810,30.350012059286286
1811,0.0
1812,63.302871805903635
1813,0.0
1814,231.45324340761246
1815,0.0
1816,210.30341902611673
1817,0.0
1818,176.8046930115094
1819,0.0
1820,147.71958951338868
1821,0.0
1822,93.70255582592378
1823,0.0
1824,157.68205503056174
1825,0.0
1826,105.51767658778304
1827,0.0
1828,100.41227535194915
1829,0.0
1830,127.50710397414923
1831,0.0
1832,251.69150758775433
1833,0.0
1834,134.30784892693256
1835,0.0
1836,126.03303373315913
1837,0.0
1838,125.83936510711935
1839,0.0
1840,23.842890075333628
1841,0.0
1842,95.44959981256206
1843,0.0
1844,282.9058998341913
1845,0.0
1846,62.71416516498744
1847,0.0
1848,126.06928086165073
1849,0.0
1850,42.71729062204432
1851,0.0
1852,81.91965934320118
1853,0.0
1854,147.25964866996338
1855,0.0
1856,41.89536313539392
1857,0.0
1858,63.024755554976196
1859,0.0
1860,147.00430586274865
1861,0.0
1862,40.34362028697842
1863,0.0
1864,161.40784926359896
1865,0.0
1866,25.591930391180796
1867,0.0
1868,61.99151411454875
1869,0.0
1870,19.332073432747254
1871,0.0
1872,209.3703776509541
1873,0.0
1874,32.50790636339663
1875,0.0
1876,104.55698000311304
1877,0.0
1878,42.02309362055024
1879,0.0
1880,107.68501688074662
1881,0.0
1882,61.693478024184
1883,0.0
1884,62.587586091981535
1885,0.0
1886,0.0
1887,0.0
1888,120.12837791150267
1889,0.0
1890,32.41344258553741
1891,0.0
1892,84.21188927163777
1893,0.0
1894,98.08342055938051
1895,0.0
1896,82.3787941342182
1897,0.0
1898,126.06928086165073
1899,0.0
1900,21.45860094582224
1901,0.0
1902,63.35396408121616
1903,0.0
1904,187.58094521402188
1905,0.0
1906,85.171589863995
1907,0.0
1908,0.0
1909,0.0
1910,355.8643386109072
1911,0.0
1912,21.050480402744718
1913,0.0
1914,62.58758649857495
1915,0.0
1916,32.600567245697604
1917,0.0
1918,274.02177862965505
1919,0.0
1920,126.15949735751957
1921,0.0
1922,293.71977692998496
1923,0.0
1924,211.9036846449397
1925,0.0
1926,98.58954417650887
1927,0.0
1928,0.0
1929,168.02390662181244
1930,0.0
1931,38.48923665267685
1932,0.0
1933,98.00958202841956
1934,0.0
1935,215.02098289599783
1936,0.0
1937,273.5574212049917
1938,0.0
1939,126.28998752838592
1940,0.0
1941,69.22224635060456
1942,0.0
1943,125.66825477069565
1944,0.0
1945,294.11117459577247
1946,0.0
1947,328.94246745521446
1948,0.0
1949,126.337512236729
1950,0.0
1951,168.36060610123528
1952,0.0
1953,170.99621326092716
1954,0.0
1955,105.3598000782572
1956,0.0
1957,104.77500189003587
1958,0.0
1959,83.68854319797872
1960,0.0
1961,201.6697690557425
1962,0.0
1963,104.90871614172437
1964,0.0
1965,213.0394449078966
1966,0.0
1967,62.32176980419112
1968,0.0
1969,169.88059102438945
1970,0.0
1971,21.01154681027512
1972,0.0
1973,21.26527969631033
1974,0.0
1975,146.53158826700366
1976,0.0
1977,112.92588709586482
1978,0.0
1979,188.6127401308068
1980,0.0
1981,128.22202402339317
1982,0.0
1983,124.95666175742727
1984,0.0
1985,94.92047856173812
1986,0.0
1987,138.22432165737015
1988,0.0
1989,153.97305715722285
1990,0.0
1991,61.749862890799875
1992,0.0
1993,84.64225942182998
1994,0.0
1995,180.21519484556293
1996,0.0
1997,126.44786738942656
1998,0.0
1999,70.93259763867798
2000,0.0
2001,62.58758629527824
2002,0.0
2003,103.71657164473424
2004,0.0
2005,147.08082767192585
2006,0.0
2007,124.2525053739361
2008,0.0
2009,106.27116632136928
2010,0.0
2011,174.26137649115475
2012,0.0
2013,30.613717922854967
2014,0.0
2015,0.0
2016,0.0
2017,146.0377012201181
2018,0.0
2019,0.0
2020,0.0
2021,51.271994416109266
2022,0.0
2023,62.829237717401654
2024,0.0
2025,147.20855631333217
2026,0.0
2027,146.03770135564923
2028,0.0
2029,21.01154681027512
2030,0.0
2031,126.86022384276524
2032,0.0
2033,105.52089914893563
2034,0.0
2035,188.72072948849848
2036,0.0
2037,183.11339395670785
2038,0.0
2039,84.04618724110048
2040,0.0
2041,253.28243193595995
2042,0.0
2043,83.5145572149702
2044,0.0
2045,127.1644771266937
2046,0.0
2047,169.40373223639926
2048,0.0
2049,147.43846950536354
2050,0.0
2051,63.30287204985968
2052,0.0
2053,84.01396585839795
2054,0.0
2055,252.07469495388852
2056,0.0
2057,129.8087965304409
2058,0.0
2059,151.21927055831793
2060,0.0
2061,20.86252869732718
2062,0.0
2063,42.02309362055024
2064,0.0
2065,0.0
2066,84.10660049043284
2067,0.0
2068,165.11684877098634
2069,0.0
2070,0.0
2071,0.0
2072,146.9318089317343
2073,0.0
2074,20.862528765092748
2075,0.0
2076,62.77848964980999
2077,0.0
2078,145.91848647568466
2079,0.0
2080,30.846738910443648
2081,0.0
2082,21.071960015651438
2083,0.0
2084,42.02309362055024
2085,0.0
2086,45.0673197224519
2087,0.0
2088,42.02309362055024
2089,0.0
2090,41.725057530185495
2091,0.0
2092,21.45860094582224
2093,0.0
2094,104.01460759956785
2095,0.0
2096,20.781977939975604
2097,0.0
2098,106.10086036765222
2099,0.0
2100,59.01115199112104
2101,0.0
2102,71.14202880527377
2103,0.0
2104,85.83440500306921
2105,0.0
2106,82.6929410261105
2107,0.0
2108,126.06928086165073
2109,0.0
2110,0.0
2111,0.0
2112,82.31435611864144
2113,0.0
2114,30.814032016926294
2115,0.0
2116,21.458601149118948
2117,0.0
2118,42.91720202717562
2119,0.0
2120,20.862528765092748
2121,0.0
2122,20.862528765092748
2123,0.0
2124,40.892704555104444
2125,0.0
2126,42.02309362055024
2127,0.0
2128,0.0
2129,0.0
2130,42.55955829577547
2131,0.0
2132,0.0
2133,0.0
2134,42.20191453726909
2135,0.0
2136,0.0
2137,0.0
2138,21.023629534591006
2139,0.0
2140,87.3887763998448
2141,0.0
2142,20.117438437532527
2143,0.0
2144,82.97325580294398
2145,0.0
2146,83.59913310555336
2147,0.0
2148,21.45860094582224
2149,0.0
2150,41.72505725912322
2151,0.0
2152,0.0
2153,0.0
2154,62.88562238564299
2155,0.0
2156,0.0
2157,0.0
2158,63.03464043082536
2159,0.0
2160,62.72671948459147
2161,0.0
2162,63.03464043082536
2163,0.0
2164,81.91929275372354
2165,0.0
2166,20.862528765092748
2167,0.0
2168,62.695962688933605
2169,0.0
2170,20.74331396644685
2171,0.0
2172,21.01154681027512
2173,0.0
2174,125.68608940618176
2175,0.0
2176,42.91720216270676
2177,0.0
2178,0.0
2179,0.0
2180,104.27639647169741
2181,0.0
2182,0.0
2183,0.0
2184,26.823250991584118
2185,0.0
2186,21.001661954405975
2187,0.0
2188,92.89785995388266
2189,0.0
2190,0.0
2191,0.0
2192,162.69792046493697
2193,0.0
2194,0.0
2195,0.0
2196,42.55955841775349
2197,0.0
2198,63.86028111856835
2199,0.0
2200,0.0
2201,0.0
2202,66.85943746596416
2203,0.0
2204,0.0
2205,0.0
2206,0.0
2207,80.28985775150221
2208,0.0
2209,21.01154681027512
2210,0.0
2211,74.48064614347808
2212,0.0
2213,0.0
2214,0.0
2215,105.21883413189835
2216,0.0
2217,0.0
2218,0.0
2219,74.13648601669242
2220,0.0
2221,21.45860094582224
2222,0.0
2223,70.63456170078575
2224,0.0
2225,41.61497209212399
2226,0.0
2227,36.65844328244633
2228,0.0
2229,42.447708549227016
2230,0.0
2231,15.64689657381956
2232,0.0
2233,83.40753737781888
2234,0.0
2235,42.02309362055024
2236,0.0
2237,63.35396408121616
2238,0.0
2239,146.12285415825346
2240,0.0
2241,95.49008262321605
2242,0.0
2243,41.725057530185495
2244,0.0
2245,106.09165337676757
2246,0.0
2247,83.92697236113591
2248,0.0
2249,83.47140241710034
2250,0.0
2251,41.96348603372729
2252,0.0
2253,63.669836992016
2254,0.0
2255,62.59495036634154
2256,0.0
2257,42.02309362055024
2258,0.0
2259,104.75969796101086
2260,0.0
2261,41.57603948500312
2262,0.0
2263,104.84910850068897
2264,0.0
2265,104.9087160739588
2266,0.0
2267,63.97842165470934
2268,0.0
2269,46.17391251888277
2270,0.0
2271,147.16540648924894
2272,0.0
2273,20.862528765092748
2274,0.0
2275,125.8705901347409
2276,0.0
2277,62.736604340460616
2278,0.0
2279,105.15707941483052
2280,0.0
2281,0.0
2282,0.0
2283,104.56100710986415
2284,0.0
2285,145.79202299317427
2286,0.0
2287,185.74040590547057
2288,0.0
2289,21.160564923223063
2290,0.0
2291,84.13559769945991
2292,0.0
2293,27.828518921422955
2294,0.0
2295,147.08082620317586
2296,0.0
2297,11.277042664408242
2298,0.0
2299,252.44510842850275
2300,0.0
2301,276.0086045026661
2302,0.0
2303,83.68854255148148
2304,0.0
2305,24.547338587218483
2306,0.0
2307,41.84427123508139
2308,0.0
2309,48.303527129951746
2310,0.0
2311,105.38557338827682
2312,0.0
2313,126.66535304238022
2314,0.0
2315,209.9565637445631
2316,0.0
2317,42.26694059221231
2318,0.0
2319,147.8855241694821
2320,0.0
2321,146.40347218814233
2322,0.0
2323,240.8089286074496
2324,0.0
2325,168.45814347094407
2326,0.0
2327,125.26458208620986
2328,0.0
2329,126.07740801695613
2330,0.0
2331,63.302871805903635
2332,0.0
2333,5.36465014270556
2334,0.0
2335,170.05619023947696
2336,0.0
2337,209.1617516349439
2338,0.0
2339,63.06444330236184
2340,0.0
2341,0.0
2342,146.18671912976933
2343,0.0
2344,168.13494960225307
2345,0.0
2346,84.94029551219472
2347,0.0
2348,80.66844468033665
2349,0.0
2350,97.45781284918078
2351,0.0
2352,104.66035259755594
2353,0.0
2354,140.21122945201412
2355,0.0
2356,104.90871600619323
2357,0.0
2358,148.0387992572721
2359,0.0
2360,125.32419022914544
2361,0.0
2362,42.02309362055024
2363,0.0
2364,41.87407543983673
2365,0.0
2366,20.94768156769696
2367,0.0
2368,189.01876584266492
2369,0.0
2370,83.61121531671792
2371,0.0
2372,84.04618724110048
2373,0.0
2374,41.767633802072375
2375,0.0
2376,108.78809974320744
2377,0.0
2378,126.15443366425494
2379,0.0
2380,146.60296867756836
2381,0.0
2382,48.19669894387299
2383,0.0
2384,84.76883853120428
2385,0.0
2386,189.41058409347445
2387,0.0
2388,41.725057530185495
2389,0.0
2390,83.70557346818363
2391,0.0
2392,106.78208535098592
2393,0.0
2394,105.07902161140166
2395,0.0
2396,143.34329374924226
2397,0.0
2398,125.33627104642264
2399,0.0
2400,126.49389582172466
2401,0.0
2402,104.80227423289773
2403,0.0
2404,126.00541561907256
2405,0.0
2406,42.32112984644613
2407,0.0
2408,83.98232199852232
2409,0.0
2410,57.674018370607214
2411,0.0
2412,41.89536313539392
2413,0.0
2414,84.16540057099638
2415,0.0
2416,63.6094232077788
2417,0.0
2418,124.7430191720276
2419,0.0
2420,84.04680002472116
2421,0.0
2422,10.632640385813186
2423,0.0
2424,66.93442516990055
2425,0.0
2426,42.02309362055024
2427,0.0
2428,83.90925202555793
2429,0.0
2430,21.06121949200258
2431,0.0
2432,62.58758629527824
2433,0.0
2434,63.01220184921619
2435,0.0
2436,168.66135029679216
2437,0.0
2438,0.0
2439,0.0
2440,115.37891319915718
2441,0.0
2442,0.0
2443,0.0
2444,42.02309362055024
2445,0.0
2446,80.21862004347007
2447,0.0
2448,84.16540057099638
2449,0.0
2450,41.886158281368736
2451,0.0
2452,0.0
2453,0.0
2454,62.736604340460616
2455,0.0
2456,68.47635003942688
2457,0.0
2458,59.79517551129513
2459,0.0
2460,181.955310386944
2461,0.0
2462,0.0
2463,0.0
2464,105.19823494129756
2465,0.0
2466,62.81957091686491
2467,0.0
2468,7.065412357161549
2469,0.0
2470,221.100227170975
2471,0.0
2472,5.109190612100534
2473,0.0
2474,62.81749875293462
2475,0.0
2476,80.51539821444412
2477,0.0
2478,0.0
2479,39.389098974735674
2480,0.0
2481,84.52304424818408
2482,0.0
2483,63.38234920291757
2484,0.0
2485,161.7767496230101
2486,0.0
2487,59.309188962438185
2488,0.0
2489,41.837828446876266
2490,0.0
2491,162.72772264978778
2492,0.0
2493,0.0
2494,0.0
2495,51.47509603923921
2496,0.0
2497,21.133470296106154
2498,0.0
2499,88.77309778502907
2500,0.0
2501,107.41175834706813
2502,0.0
2503,124.65803916760512
2504,0.0
2505,62.94522842239726
2506,0.0
2507,104.7384078384848
2508,0.0
2509,126.12037129321325
2510,0.0
2511,47.42823837329675
2512,0.0
2513,20.94768156769696
2514,0.0
2515,74.02860573721105
2516,0.0
2517,125.49449603765058
2518,0.0
2519,188.56020413639692
2520,0.0
2521,189.18907365231473
2522,0.0
2523,41.725057462419926
2524,0.0
2525,200.94884056476835
2526,0.0
2527,46.58492599641444
2528,0.0
2529,42.47014775609736
2530,0.0
2531,41.84427123508139
2532,0.0
2533,51.56024951741141
2534,0.0
2535,114.51514499415592
2536,0.0
2537,178.70165443706574
2538,0.0
2539,104.28364552268667
2540,0.0
2541,84.2556184443263
2542,0.0
2543,105.18016990579405
2544,0.0
2545,63.12405088918479
2546,0.0
2547,63.06444330236184
2548,0.0
2549,126.06928086165073
2550,0.0
2551,130.6815920342892
2552,0.0
2553,41.81676264442282
2554,0.0
2555,62.46837133399498
2556,0.0
2557,62.88562225011185
2558,0.0
2559,126.12888660472368
2560,0.0
2561,42.24907769483289
2562,0.0
2563,89.61315534597021
2564,0.0
2565,62.84304470309088
2566,0.0
2567,42.20191453726909
2568,0.0
2569,41.89536313539392
2570,0.0
2571,83.5352678629752
2572,0.0
2573,31.29354161075655
2574,0.0
2575,20.943079202503846
2576,0.0
2577,41.89536313539392
2578,0.0
2579,20.862528765092748
2580,0.0
2581,0.0
2582,0.0
2583,41.95059936356704
2584,0.0
2585,0.0
2586,0.0
2587,21.01154681027512
2588,0.0
2589,126.02707187168487
2590,0.0
2591,38.34731458541677
2592,0.0
2593,62.998393280355735
2594,0.0
2595,45.42070477122881
2596,0.0
2597,0.0
2598,0.0
2599,21.01154681027512
2600,0.0
2601,25.239095466077472
2602,0.0
2603,20.181302970073403
2604,0.0
2605,21.023628818142967
2606,0.0
2607,21.01154681027512
2608,0.0
2609,63.011818811613566
2610,0.0
2611,85.48669516931642
2612,0.0
2613,28.611468198825264
2614,0.0
2615,0.0
2616,42.108246423154455
2617,0.0
2618,0.0
2619,0.0
2620,63.08431311255282
2621,0.0
2622,42.12243898400516
2623,0.0
2624,21.0504796206927
2625,0.0
2626,40.38389495413021
2627,0.0
2628,63.11250605166052
2629,0.0
2630,105.28826112077766
2631,0.0
2632,21.01154681027512
2633,0.0
2634,0.0
2635,0.0
2636,41.95922837797208
2637,0.0
2638,79.3769546165949
2639,0.0
2640,41.725057530185495
2641,0.0
2642,42.02309362055024
2643,0.0
2644,52.0997056536786
2645,0.0
2646,29.539714046004164
2647,0.0
2648,125.90323034969751
2649,0.0
2650,20.94768156769696
2651,0.0
2652,38.318929416499685
2653,0.0
2654,26.887115927063576
2655,0.0
2656,52.21592822992177
2657,0.0
2658,42.074875420826686
2659,0.0
2660,146.34425045385484
2661,0.0
2662,0.0
2663,0.0
2664,99.64072638614518
2665,0.0
2666,42.32112971091499
2667,0.0
2668,50.96417755127288
2669,0.0
2670,20.862528765092748
2671,0.0
2672,129.3476783977875
2673,0.0
2674,6.766225588876935
2675,0.0
2676,77.48939230435809
2677,0.0
2678,66.07175279677128
2679,0.0
2680,20.94307922692387
2681,0.0
2682,116.59700285042607
2683,0.0
2684,42.20191453726909
2685,0.0
2686,115.72266614497246
2687,0.0
2688,0.0
2689,0.0
2690,132.70984542167062
2691,0.0
2692,42.20191453726909
2693,0.0
2694,136.9919028408452
2695,0.0
2696,20.74331396644685
2697,0.0
2698,168.09237448220097
2699,0.0
2700,72.43244432529875
2701,0.0
2702,84.04618724110048
2703,0.0
2704,127.49985211373942
2705,0.0
2706,16.242968822314623
2707,0.0
2708,168.80765814907636
2709,0.0
2710,83.50972155344394
2711,0.0
2712,82.97325521523794
2713,0.0
2714,25.035034080611297
2715,0.0
2716,56.62686394585876
2717,0.0
2718,42.02309362055024
2719,0.0
2720,146.03770135564923
2721,0.0
2722,42.13586455921903
2723,0.0
2724,84.64225942182998
2725,0.0
2726,42.32112971091499
2727,0.0
2728,41.48662760761897
2729,0.0
2730,21.06121949200258
2731,0.0
2732,0.0
2733,0.0
2734,63.6094232077788
2735,0.0
2736,0.0
2737,0.0
2738,25.79911155378807
2739,0.0
2740,81.40183563983814
2741,0.0
2742,41.88615847852777
2743,0.0
2744,0.0
2745,0.0
2746,32.55367289336557
2747,0.0
2748,0.0
2749,0.0
2750,53.253636521100276
2751,0.0
2752,0.0
2753,0.0
2754,0.0
2755,63.055928126382554
2756,0.0
2757,21.01154681027512
2758,0.0
2759,0.0
2760,0.0
2761,55.61799711410478
2762,0.0
2763,0.0
2764,0.0
2765,73.73553813121471
2766,0.0
2767,20.922135617540697
2768,0.0
2769,41.89536313539392
2770,0.0
2771,60.08408173770573
2772,0.0
2773,0.0
2774,0.0
2775,20.94768156769696
2776,0.0
2777,0.0
2778,0.0
2779,21.2031410692596
2780,0.0
2781,20.202016724253845
2782,0.0
2783,46.493635357055595
2784,0.0
2785,49.538437887843514
2786,0.0
2787,79.57564537738752
2788,0.0
2789,29.663991389696584
2790,0.0
2791,0.0
2792,0.0
2793,0.0
2794,0.0
2795,20.902803379059286
2796,0.0
2797,32.03888347519934
2798,0.0
2799,10.793740741788412
2800,0.0
2801,79.65015436609592
2802,0.0
2803,63.484380156414545
2804,0.0
2805,67.93612632227737
2806,0.0
2807,85.12019157920085
2808,0.0
2809,0.0
2810,0.0
2811,0.0
2812,0.0
2813,34.421829628676264
2814,0.0
2815,84.50601285192933
2816,0.0
2817,63.14499371535291
2818,0.0
2819,60.01918114080326
2820,0.0
2821,42.1009592413854
2822,0.0
2823,58.53061149913866
2824,0.0
2825,22.50253338714859
2826,0.0
2827,76.15283274182305
2828,0.0
2829,0.0
2830,0.0
2831,77.9461122818778
2832,0.0
2833,80.09922251261133
2834,0.0
2835,66.87689034728484
2836,0.0
2837,41.725057530185495
2838,0.0
2839,67.64211817806171
2840,0.0
2841,43.09602318336333
2842,0.0
2843,42.208359586314174
2844,0.0
2845,130.32179943587295
2846,0.0
2847,85.85856939540744
2848,0.0
2849,76.98353666766593
2850,0.0
2851,34.3551434703774
2852,0.0
2853,104.90952114883085
2854,0.0
2855,34.147471175212
2856,0.0
2857,98.32372952293318
2858,0.0
2859,0.0
2860,0.0
2861,157.84798665854632
2862,0.0
2863,58.325669265012905
2864,0.0
2865,124.02330407051366
2866,0.0
2867,0.0
2868,0.0
2869,58.439245772326885
2870,0.0
2871,84.40382907453818
2872,0.0
2873,21.160564855457494
2874,0.0
2875,179.15170096887528
2876,0.0
2877,63.08929959043684
2878,0.0
2879,93.7025559769442
2880,0.0
2881,105.11814436544012
2882,0.0
2883,16.539662295161392
2884,0.0
2885,20.86252862956161
2886,0.0
2887,40.707821214847314
2888,0.0
2889,0.0
2890,0.0
2891,0.0
2892,230.0286508075773
2893,0.0
2894,45.55234751988476
2895,0.0
2896,169.9807015923274
2897,0.0
2898,10.371656901904743
2899,0.0
2900,21.023628873088022
2901,0.0
2902,2.2352709826806603
2903,0.0
2904,18.32922169204734
2905,0.0
2906,165.19141200908302
2907,0.0
2908,106.39084117201233
2909,0.0
2910,21.023628873088022
2911,0.0
2912,81.60551306381676
2913,0.0
2914,105.63136699383757
2915,0.0
2916,56.019075374424574
2917,0.0
2918,105.50478805139159
2919,0.0
2920,21.160564855457494
2921,0.0
2922,20.862528765092748
2923,0.0
2924,8.941083795191503
2925,0.0
2926,43.456505303837076
2927,0.0
2928,28.380557208031576
2929,0.0
2930,131.77784067242334
2931,0.0
2932,128.21513871560796
2933,0.0
2934,102.67000378643127
2935,0.0
2936,49.30645184132287
2937,0.0
2938,105.50478634317273
2939,0.0
2940,42.20191453726909
2941,0.0
2942,3.576433509789055
2943,0.0
2944,0.0
2945,0.0
2946,104.96832285864119
2947,0.0
2948,150.9127193757139
2949,0.0
2950,66.26336486281403
2951,0.0
2952,58.56409866876075
2953,0.0
2954,94.93014459350896
2955,0.0
2956,59.89049384787529
2957,0.0
2958,32.72436652541464
2959,0.0
2960,0.0
2961,0.0
2962,4.4705419653613205
2963,0.0
2964,7.599921117487867
2965,0.0
2966,66.01500174106624
2967,0.0
2968,16.0939504465982
2969,0.0
2970,73.83643523185015
2971,0.0
2972,71.95021695263424
2973,0.0
2974,42.91720189164448
2975,0.0
2976,34.57219027718247
2977,0.0
2978,11.176354947286086
2979,0.0
2980,24.384773550188683
2981,0.0
2982,0.0
2983,0.0
2984,67.51266140187488
2985,0.0
2986,83.59280321738908
2987,0.0
2988,79.57564537738752
2989,0.0
2990,131.8205730611869
2991,0.0
2992,20.71293513535204
2993,0.0
2994,26.82325111451223
2995,0.0
2996,100.31734880183981
2997,0.0
2998,116.9107115490367
2999,0.0
3000,20.564492674728
3001,0.0
3002,93.37045992926095
3003,0.0
3004,84.5737918140587
3005,0.0
3006,83.36956423525385
3007,0.0
3008,112.66409927706607
3009,0.0
3010,55.93182929010439
3011,0.0
3012,42.4062825135192
3013,0.0
3014,284.28388578998704
3015,0.0
3016,62.82923763193156
3017,0.0
3018,106.28957831505971
3019,0.0
3020,84.4932413766476
3021,0.0
3022,61.3551663214471
3023,0.0
3024,42.20191453726909
3025,0.0
3026,0.0
3027,84.04618724110048
3028,0.0
3029,220.68769047681445
3030,0.0
3031,161.72487217782992
3032,0.0
3033,227.56749283389513
3034,0.0
3035,0.0
3036,0.0
3037,79.12431524214705
3038,0.0
3039,105.42745794762621
3040,0.0
3041,41.4866279328937
3042,0.0
3043,287.8186598509475
3044,0.0
3045,192.96285575233355
3046,0.0
3047,69.23056853579635
3048,0.0
3049,180.01381900033175
3050,0.0
3051,30.350012059286286
3052,0.0
3053,63.302871805903635
3054,0.0
3055,231.8108864453313
3056,0.0
3057,210.19601856458235
3058,0.0
3059,178.23526625689024
3060,0.0
3061,147.71958968005535
3062,0.0
3063,95.13312960390535
3064,0.0
3065,157.6820552063859
3066,0.0
3067,104.87327407864993
3068,0.0
3069,100.41227520404831
3070,0.0
3071,127.6682046014325
3072,0.0
3073,251.69150758775433
3074,0.0
3075,134.30784846225438
3076,0.0
3077,126.03303375513714
3078,0.0
3079,125.83936510711935
3080,0.0
3081,23.84288993980249
3082,0.0
3083,95.449599957774
3084,0.0
3085,282.90590024026136
3086,0.0
3087,62.71416516498744
3088,0.0
3089,126.96338913274496
3090,0.0
3091,43.20059225675067
3092,0.0
3093,82.36671350713657
3094,0.0
3095,147.2596485886447
3096,0.0
3097,41.89536313539392
3098,0.0
3099,63.32279164534094
3100,0.0
3101,147.0043059726388
3102,0.0
3103,40.34362019906633
3104,0.0
3105,162.59999355729238
3106,0.0
3107,25.45627639567539
3108,0.0
3109,61.99151411454875
3110,0.0
3111,19.33207338879121
3112,0.0
3113,209.9664503286311
3114,0.0
3115,32.50790588296039
3116,0.0
3117,104.55698005195308
3118,0.0
3119,41.42702143982075
3120,0.0
3121,109.47323428893024
3122,0.0
3123,63.48169456637248
3124,0.0
3125,62.58758629527824
3126,0.0
3127,0.0
3128,0.0
3129,121.02248650206315
3130,0.0
3131,32.1717912641466
3132,0.0
3133,84.45354014980514
3134,0.0
3135,96.79461615881641
3136,0.0
3137,84.52948821343797
3138,0.0
3139,121.59873950617953
3140,0.0
3141,21.45860094582224
3142,0.0
3143,63.86488308434144
3144,0.0
3145,187.58094508843317
3146,0.0
3147,84.00130876456544
3148,0.0
3149,0.0
3150,0.0
3151,361.43151460412025
3152,0.0
3153,21.050480419024733
3154,0.0
3155,62.58758629527824
3156,0.0
3157,34.388784976389914
3158,0.0
3159,269.99829098220613
3160,0.0
3161,125.07206837451643
3162,0.0
3163,0.0
3164,293.9614276048556
3165,0.0
3166,211.3076124642102
3167,0.0
3168,99.48365265089981
3169,0.0
3170,167.42783473046023
3171,0.0
3172,38.489236589882495
3173,0.0
3174,98.00958189380418
3175,0.0
3176,214.70683651337754
3177,0.0
3178,273.3587304780819
3179,0.0
3180,126.28998743070582
3181,0.0
3182,69.22224635060456
3183,0.0
3184,126.26432695142515
3185,0.0
3186,294.1111747584099
3187,0.0
3188,328.94246745521446
3189,0.0
3190,126.33751272464109
3191,0.0
3192,168.36060585727924
3193,0.0
3194,171.10361367911602
3195,0.0
3196,105.35979985847696
3197,0.0
3198,106.41984004853187
3199,0.0
3200,83.68854356391279
3201,0.0
3202,201.5731087950257
3203,0.0
3204,105.50478818692272
3205,0.0
3206,214.3255647101187
3207,0.0
3208,61.87471568512751
3209,0.0
3210,166.3041579400125
3211,0.0
3212,21.01154681027512
3213,0.0
3214,0.0
3215,0.0
3216,167.47132871483694
3217,0.0
3218,116.04522891576757
3219,0.0
3220,209.52889598218886
3221,0.0
3222,129.02752770852754
3223,0.0
3224,126.14880563097415
3225,0.0
3226,93.16125927248274
3227,0.0
3228,157.63093504283094
3229,0.0
3230,137.36818680359076
3231,0.0
3232,19.67038440363376
3233,0.0
3234,62.72656666017581
3235,0.0
3236,188.20082406522715
3237,0.0
3238,72.55531845041676
3239,0.0
3240,16.432262049572508
3241,0.0
3242,66.21034805343194
3243,0.0
3244,0.0
3245,0.0
3246,147.08082767192585
3247,0.0
3248,43.89512371447055
3249,0.0
3250,93.03106339278989
3251,0.0
3252,6.315580074793649
3253,0.0
3254,36.37975677851003
3255,0.0
3256,73.9759054457372
3257,0.0
3258,0.0
3259,0.0
3260,19.841131429946927
3261,0.0
3262,80.90985990394303
3263,0.0
3264,0.0
3265,0.0
3266,21.01154681027512
3267,0.0
3268,0.0
3269,0.0
3270,21.01154681027512
3271,0.0
3272,42.057483319678866
3273,0.0
3274,0.0
3275,0.0
3276,21.001508874779827
3277,0.0
3278,101.8676142260681
3279,0.0
3280,1.096402314430435
3281,0.0
3282,0.0
3283,0.0
3284,0.0
3285,0.0
3286,0.0
3287,0.0
3288,0.0
3289,0.0
3290,0.0
3291,0.0
3292,0.0
3293,0.0
3294,0.0
3295,0.0
3296,0.0
3297,0.0
3298,21.045936509403745
3299,0.0
3300,0.0
3301,10.107678515596342
3302,0.0
3303,21.00150993108788
3304,0.0
3305,0.0
3306,0.0
3307,0.0
3308,0.0
3309,0.0
3310,0.0
3311,0.0
3312,0.0
3313,0.0
3314,0.0
3315,0.0
3316,0.0
3317,0.0
3318,0.0
3319,0.0
3320,0.0
3321,0.0
3322,0.0
3323,0.0
3324,0.0
3325,0.0
3326,0.0
3327,33.170438441721586
3328,0.0
3329,0.0
3330,0.0
3331,0.0
3332,0.0
3333,0.0
3334,0.0
3335,0.0
3336,0.0
3337,0.0
3338,0.0
3339,0.0
3340,0.0
3341,0.0
3342,0.0
3343,0.0
3344,0.0
3345,0.0
3346,0.0
3347,0.0
3348,0.0
3349,0.0
3350,0.0
3351,0.0
3352,0.0
3353,0.0
3354,0.0
3355,20.979448819853523
3356,0.0
3357,0.0
3358,0.0
3359,5.606301260742427
3360,0.0
3361,21.26527991609055
3362,0.0
3363,62.16872355331836
3364,0.0
3365,42.47014775609736
3366,0.0
3367,254.55506945209044
3368,0.0
3369,78.87485652064035
3370,0.0
3371,258.08317660114994
3372,0.0
3373,50.07006968677206
3374,0.0
3375,0.0
3376,0.0
3377,200.2802754943409
3378,0.0
3379,155.57485624732112
3380,0.0
3381,0.0
3382,0.0
3383,100.14013856035729
3384,0.0
3385,500.7006887358523
3386,0.0
3387,751.0510331037784
3388,0.0
3389,0.0
3390,0.0
3391,0.0
3392,0.0
3393,0.0
3394,0.0
3395,0.0
3396,0.0
3397,0.0
3398,0.0
3399,400.5605444831872
3400,0.0
3401,0.0
3402,0.0
3403,801.1211019773637
3404,0.0
3405,0.0
3406,0.0
3407,0.0
3408,0.0
3409,0.0
3410,0.0
3411,801.1211019773637
3412,0.0
3413,250.3503484338603
3414,0.0
3415,0.0
3416,0.0
3417,650.910895356608
3418,0.0
3419,0.0
3420,0.0
3421,0.0
3422,0.0
3423,0.0
3424,0.0
3425,1376.0327829063458
3426,0.0
3427,400.56055749417646
3428,0.0
3429,0.0
3430,0.0
3431,801.1211019773637
3432,0.0
3433,0.0
3434,0.0
3435,0.0
3436,0.0
3437,0.0
3438,0.0
3439,0.0
3440,815.4268343148715
3441,0.0
3442,1001.4013774717046
3443,0.0
3444,0.0
3445,0.0
3446,2626.890407046311
3447,0.0
3448,0.0
3449,0.0
3450,0.0
3451,0.0
3452,0.0
3453,0.0
3454,5431.708383622793
3455,0.0
3456,1602.2422169657166
3457,0.0
3458,0.0
3459,0.0
3460,3233.0958855954595
3461,0.0
3462,0.0
3463,0.0
3464,0.0
3465,0.0
3466,0.0
3467,0.0
3468,3233.0958855954595
3469,0.0
3470,250.3503484338603
3471,0.0
3472,0.0
3473,0.0
3474,650.910895356608
3475,0.0
3476,0.0
3477,0.0
3478,0.0
3479,0.0
3480,0.0
3481,0.0
3482,1351.8918705648234
3483,0.0
3484,400.5605444831872
3485,0.0
3486,0.0
3487,0.0
3488,829.7325796633686
3489,0.0
3490,0.0
3491,0.0
3492,0.0
3493,0.0
3494,0.0
3495,0.0
3496,801.1211084828583
3497,0.0
3498,177.0334555667697
3499,0.0
3500,0.0
3501,0.0
3502,288.79700612387967
3503,0.0
3504,0.0
3505,0.0
3506,0.0
3507,0.0
3508,0.0
3509,0.0
3510,118.91641286322644
3511,0.0
3512,178.9893917320132
3513,0.0
3514,16.093950506069973
3515,0.0
3516,83.15207856341283
3517,0.0
3518,16.988059183757628
3519,0.0
3520,101.92835469595235
3521,0.0
3522,88.04792569085285
3523,0.0
3524,212.24270893737062
3525,0.0
3526,211.8898779427326
3527,0.0
3528,50.07006887358523
3529,0.0
3530,50.96417755127288
3531,0.0
3532,33.52906402867143
3533,0.0
3534,83.15207856341283
3535,0.0
3536,124.06357702375448
3537,0.0
3538,48.95272179455286
3539,0.0
3540,50.96417755127288
3541,0.0
3542,16.988059183757628
3543,0.0
3544,0.0
3545,0.0
3546,74.62598559047183
3547,0.0
3548,0.0
3549,0.0
3550,79.64205828501342
3551,0.0
3552,0.0
3553,0.0
3554,0.0
3555,0.0
3556,0.0
3557,0.0
3558,43.64618220642487
3559,0.0
3560,32.41171622357939
3561,0.0
3562,27.403213248579107
3563,0.0
3564,32.85877056242322
3565,0.0
3566,0.0
3567,0.0
3568,0.0
3569,0.0
3570,0.0
3571,0.0
3572,73.75872700341387
3573,0.0
3574,0.0
3575,0.0
3576,0.0
3577,0.0
3578,0.0
3579,0.0
3580,0.0
3581,0.0
3582,0.0
3583,0.0
3584,0.0
3585,27.10517715821436
3586,0.0
3587,32.85877060533269
3588,0.0
3589,0.0
3590,0.0
3591,0.0
3592,0.0
3593,0.0
3594,0.0
3595,0.0
3596,0.0
3597,0.0
3598,0.0
3599,0.0
3600,0.0
3601,0.0
3602,0.0
3603,0.0
3604,0.0
3605,0.0
3606,0.0
3607,0.0
3608,0.0
3609,0.0
3610,0.0
3611,0.0
3612,21.001509538880512
3613,0.0
3614,42.00301768546973
3615,0.0
3616,63.004528620925534
3617,0.0
3618,105.00754944014561
3619,0.0
3620,147.01056188415006
3621,0.0
3622,210.01510584174642
3623,0.0
3624,231.0166049119776
3625,0.0
3626,147.0105655427064
3627,0.0
3628,21.001509884459125
3629,0.0
3630,20.998835726934576
3631,0.0
3632,20.999057684096343
3633,0.0
3634,20.99924588692023
3635,0.0
3636,20.99940959272495
3637,0.0
3638,0.0
3639,0.0
3640,21.02362884389846
3641,0.0
3642,575.9370566243059
3643,0.0
3644,617.8570815962041
3645,0.0
3646,594.6091820679773
3647,0.0
3648,1768.2100088052614
3649,0.0
3650,1176.8085186846924
3651,0.0
3652,2267.233820377819
3653,0.0
3654,2778.5705654995554
3655,0.0
3656,1119.0223901246932
3657,0.0
3658,1116.7888125000422
3659,0.0
3660,554.2995139372795
3661,0.0
3662,0.0
3663,0.0
3664,0.0
3665,2800.2739510218453
3666,2217.198055749118
3667,2435.6603574447595
3668,1663.456936220646
3669,0.0
3670,0.0
3671,1108.599027874559
3672,0.0
3673,1108.599027874559
3674,0.0
3675,3325.9459655327246
3676,700.0148282312175
3677,2478.266036716303
3678,1254.6866051143147
3679,4415.849021596822
3680,792.175530999635
3681,2296.7314744403307
3682,0.0
3683,1662.8985418197735
3684,0.0
3685,758.2734229384299
3686,0.0
3687,1312.7590683439896
3688,0.0
3689,4820.5709527936715
3690,0.0
3691,5581.189614261726
3692,0.0
3693,1662.8985418144835
3694,0.0
3695,1663.2708047510434
3696,0.0
3697,554.6717768764846
3698,0.0
3699,1312.5729368783545
3700,0.0
3701,758.019881701092
3702,0.0
3703,2003.104938956425
3704,0.0
3705,2187.2644467104437
3706,0.0
3707,554.2995139346343
3708,0.0
3709,0.0
3710,0.0
3711,0.0
3712,0.0
3713,2450.4556448051594
3714,0.0
3715,0.0
3716,0.0
3717,2616.685386186952
3718,0.0
3719,0.0
3720,0.0
3721,0.0
3722,0.0
3723,0.0
3724,0.0
3725,1448.6192935464571
3726,640.944555061801
3727,1546.319891649201
3728,894.1504386575464
3729,0.0
3730,1631.8990575947455
3731,0.0
3732,0.0
3733,0.0
3734,0.0
3735,0.0
3736,0.0
3737,0.0
3738,2450.4699724554266
3739,0.0
3740,0.0
3741,0.0
3742,0.0
3743,0.0
3744,1109.3435537423888
3745,0.0
3746,0.0
3747,0.0
3748,1109.3435537423888
3749,0.0
3750,893.9643071849293
3751,0.0
3752,6621.339208879575
3753,0.0
3754,0.0
3755,0.0
3756,3880.09659754244
3757,0.0
3758,0.0
3759,0.0
3760,0.0
3761,0.0
3762,0.0
3763,0.0
3764,0.0
3765,0.0
3766,554.6717768711944
3767,0.0
3768,700.0109954127431
3769,0.0
3770,1108.5990278692686
3771,0.0
3772,0.0
3773,2217.9425816116577
3774,0.0
3775,2800.043981650973
3776,0.0
3777,2772.1304050510516
3778,0.0
3779,3451.05875384794
3780,0.0
3781,1181.1141035852975
3782,0.0
3783,2217.5703186750975
3784,0.0
3785,1108.747909783607
3786,0.0
3787,3880.0965975424406
3788,0.0
3789,4008.239176288128
3790,0.0
3791,4989.142329316019
3792,0.0
3793,3791.618710992682
3794,0.0
3795,554.6717768711944
3796,0.0
3797,554.2995139399245
3798,0.0
3799,3272.5562481105167
3800,0.0
3801,2972.5195559552376
3802,0.0
3803,3236.5022333548777
3804,0.0
3805,2217.5703186962583
3806,0.0
3807,1108.785159342839
3808,0.0
3809,0.0
3810,0.0
3811,893.9240406222741
3812,0.0
3813,1078.0272538054162
3814,0.0
3815,755.6937631215195
3816,554.2995139346343
3817,0.0
3818,0.0
3819,0.0
3820,2450.151066037169
3821,0.0
3822,0.0
3823,0.0
3824,2616.731902712834
3825,0.0
3826,0.0
3827,0.0
3828,0.0
3829,0.0
3830,0.0
3831,0.0
3832,1448.4096860329093
3833,0.0
3834,2185.6563379014287
3835,0.0
3836,894.0833642505127
3837,0.0
3838,1632.463041527324
3839,0.0
3840,0.0
3841,0.0
3842,0.0
3843,0.0
3844,0.0
3845,0.0
3846,2450.174365969031
3847,0.0
3848,0.0
3849,0.0
3850,0.0
3851,0.0
3852,1107.8545019961484
3853,0.0
3854,0.0
3855,0.0
3856,1107.8545019961484
3857,0.0
3858,894.083364252419
3859,0.0
3860,6624.509033466795
3861,0.0
3862,0.0
3863,3880.096597616503
3864,0.0
3865,0.0
3866,0.0
3867,0.0
3868,0.0
3869,0.0
3870,0.0
3871,0.0
3872,0.0
3873,553.9272509980742
3874,0.0
3875,700.104061144238
3876,0.0
3877,1109.3435537423888
3878,0.0
3879,0.0
3880,0.0
3881,2217.1980557385373
3882,0.0
3883,2800.059312942763
3884,0.0
3885,2771.720915806072
3886,0.0
3887,3451.6026554352065
3888,0.0
3889,1181.832757900772
3890,0.0
3891,2217.1980557385373
3892,0.0
3893,1108.7479097751427
3894,0.0
3895,3881.3995178204013
3896,0.0
3897,4009.8328641213893
3898,0.0
3899,4990.259118153208
3900,0.0
3901,3791.002584670717
3902,0.0
3903,553.9272509980742
3904,554.4856454134947
3905,0.0
3906,3273.0212204610143
3907,0.0
3908,2973.264081796617
3909,0.0
3910,3237.321211805935
3911,0.0
3912,2217.5703186750975
3913,0.0
3914,1108.599027879849
3915,0.0
3916,0.0
3917,0.0
3918,894.1336481380382
3919,0.0
3920,1077.8018359128378
3921,0.0
3922,755.3215001849594
3923,0.0
3924,554.6717768711944
3925,0.0
3926,0.0
3927,0.0
3928,2450.4556447997843
3929,0.0
3930,0.0
3931,0.0
3932,2616.6853861790087
3933,0.0
3934,0.0
3935,0.0
3936,0.0
3937,0.0
3938,0.0
3939,0.0
3940,1448.433162071338
3941,0.0
3942,2187.264446712892
3943,0.0
3944,894.0833642471289
3945,0.0
3946,1631.8990575987646
3947,0.0
3948,0.0
3949,0.0
3950,0.0
3951,0.0
3952,0.0
3953,2450.4565575713013
3954,0.0
3955,0.0
3956,0.0
3957,0.0
3958,0.0
3959,1109.3435537423888
3960,0.0
3961,0.0
3962,0.0
3963,1109.3435537423888
3964,0.0
3965,893.9643071849293
3966,0.0
3967,6621.339209023681
3968,0.0
3969,0.0
3970,0.0
3971,3880.09659754244
3972,0.0
3973,0.0
3974,0.0
3975,0.0
3976,0.0
3977,0.0
3978,0.0
3979,0.0
3980,0.0
3981,554.6717768711944
3982,0.0
3983,700.0109954100981
3984,0.0
3985,1108.5990278692686
3986,0.0
3987,0.0
3988,0.0
3989,2217.942581653979
3990,0.0
3991,2800.0439816403923
3992,554.3739548875714
3993,2217.7564501433776
3994,3451.0587538495743
3995,0.0
3996,1181.1141035822745
3997,0.0
3998,2217.5703186750975
3999,0.0
4000,1108.7479097751427
4001,0.0
4002,3880.0965975424406
4003,0.0
4004,4008.239176295988
4005,0.0
4006,4989.142329351991
4007,0.0
4008,3791.9909739043646
4009,0.0
4010,554.6717768711944
4011,0.0
4012,554.2995139346343
4013,0.0
4014,3272.5562481071643
4015,0.0
4016,2972.5195559234967
4017,0.0
4018,3236.5022333548777
4019,0.0
4020,2217.5703186750975
4021,0.0
4022,1108.7851593481291
4023,0.0
4024,0.0
4025,0.0
4026,893.9240406335217
4027,0.0
4028,1077.9208929682695
4029,0.0
4030,755.6937631215195
4031,0.0
4032,554.2995139346343
4033,0.0
4034,0.0
4035,0.0
4036,2450.1510660534
4037,0.0
4038,0.0
4039,2616.7319027121657
4040,0.0
4041,0.0
4042,0.0
4043,0.0
4044,0.0
4045,0.0
4046,0.0
4047,1448.4096860258558
4048,0.0
4049,2185.656337898406
4050,0.0
4051,893.8972327788488
4052,0.0
4053,1632.4630415268023
4054,0.0
4055,0.0
4056,0.0
4057,0.0
4058,0.0
4059,0.0
4060,0.0
4061,2450.1743659704516
4062,0.0
4063,0.0
4064,0.0
4065,0.0
4066,0.0
4067,1107.8545019961484
4068,0.0
4069,0.0
4070,0.0
4071,1107.8545019961484
4072,0.0
4073,894.083364257709
4074,0.0
4075,6621.903192812358
4076,0.0
4077,0.0
4078,0.0
4079,3880.09659754244
4080,0.0
4081,0.0
4082,0.0
4083,0.0
4084,0.0
4085,0.0
4086,0.0
4087,0.0
4088,553.9272509980742
4089,0.0
4090,700.1040611475061
4091,0.0
4092,1109.3435537423888
4093,0.0
4094,0.0
4095,0.0
4096,2217.198055780859
4097,0.0
4098,2800.059312921601
4099,0.0
4100,2771.7209157976076
4101,0.0
4102,3451.6026553918086
4103,0.0
4104,1181.8327579022427
4105,0.0
4106,2217.198055780859
4107,0.0
4108,1108.7479097920714
4109,0.0
4110,3881.399517852142
4111,0.0
4112,4009.8328640888394
4113,0.0
4114,4989.514592288551
4115,0.0
4116,3790.2580587808748
4117,0.0
4118,553.9272509980742
4119,0.0
4120,554.4856454029144
4121,0.0
4122,3272.872315299834
4123,0.0
4124,2973.264081796617
4125,2092.612686940494
4126,1144.3362618806123
4127,2217.570318717419
4128,0.0
4129,1108.5990278692686
4130,0.0
4131,0.0
4132,0.0
4133,894.1336481309846
4134,0.0
4135,1077.8018359000243
4136,0.0
4137,755.3215001849594
4138,0.0
4139,554.6717769135158
4140,0.0
4141,0.0
4142,0.0
4143,2450.4556448006
4144,0.0
4145,0.0
4146,0.0
4147,2616.3867643717363
4148,0.0
4149,0.0
4150,0.0
4151,0.0
4152,0.0
4153,0.0
4154,0.0
4155,1448.433162065619
4156,0.0
4157,2187.2644467892555
4158,0.0
4159,894.083364243316
4160,0.0
4161,1631.899057563438
4162,0.0
4163,0.0
4164,0.0
4165,0.0
4166,0.0
4167,0.0
4168,0.0
4169,2450.4565575679144
4170,0.0
4171,0.0
4172,0.0
4173,0.0
4174,1109.3435538270317
4175,0.0
4176,0.0
4177,0.0
4178,1109.3435538270317
4179,0.0
4180,893.9643071887422
4181,0.0
4182,6619.850157001942
4183,0.0
4184,0.0
4185,0.0
4186,3882.702438098361
4187,0.0
4188,0.0
4189,0.0
4190,0.0
4191,0.0
4192,0.0
4193,0.0
4194,0.0
4195,0.0
4196,554.6717769135158
4197,0.0
4198,700.010995412338
4199,0.0
4200,1108.5990278692686
4201,0.0
4202,0.0
4203,0.0
4204,2217.9425816116577
4205,0.0
4206,2800.043981673754
4207,0.0
4208,2772.1304050394133
4209,0.0
4210,3451.058753823593
4211,0.0
4212,1181.1945929056428
4213,0.0
4214,2217.5703186750975
4215,1108.747909758214
4216,0.0
4217,3880.0965975424406
4218,0.0
4219,4008.239176386579
4220,0.0
4221,4989.142329267349
4222,0.0
4223,3791.990973964987
4224,0.0
4225,554.671776828873
4226,0.0
4227,554.2995139557951
4228,0.0
4229,3272.5562480991007
4230,0.0
4231,2972.5195559234967
4232,0.0
4233,3236.502233445469
4234,0.0
4235,2217.570318632776
4236,0.0
4237,1108.7851593375487
4238,0.0
4239,0.0
4240,0.0
4241,893.9240406299949
4242,0.0
4243,1077.9208929878505
4244,0.0
4245,755.6937631215195
4246,0.0
4247,554.2995139346343
4248,0.0
4249,0.0
4250,0.0
4251,2450.151066034111
4252,0.0
4253,0.0
4254,0.0
4255,2616.742507327463
4256,0.0
4257,0.0
4258,0.0
4259,0.0
4260,0.0
4261,0.0
4262,1448.2235545646292
4263,0.0
4264,1077.801835912116
4265,0.0
4266,893.924040627326
4267,0.0
4268,1077.9208929622237
4269,0.0
4270,0.0
4271,0.0
4272,0.0
4273,0.0
4274,0.0
4275,0.0
4276,2450.455644806662
4277,0.0
4278,0.0
4279,0.0
4280,0.0
4281,0.0
4282,0.0
4283,0.0
4284,0.0
4285,0.0
4286,0.0
4287,0.0
4288,894.1336481521453
4289,0.0
4290,1077.92089296669
4291,0.0
4292,0.0
4293,0.0
4294,0.0
4295,0.0
4296,0.0
4297,0.0
4298,0.0
4299,0.0
4300,0.0
4301,0.0
4302,0.0
4303,0.0
4304,0.0
4305,0.0
4306,0.0
4307,0.0
4308,0.0
4309,0.0
4310,0.0
4311,0.0
4312,0.0
4313,25.19298728291827
4314,0.0
4315,50.39577752161378
4316,0.0
4317,75.6010222630191
4318,0.0
4319,125.97964544839421
4320,0.0
4321,176.38522130765824
4322,0.0
4323,251.99291511661067
4324,0.0
4325,277.2037482600398
4326,0.0
4327,176.38522569721826
4328,0.0
4329,16.04821259512821
4330,9.15065787819921
4331,0.0
4332,25.19967246784839
4333,0.0
4334,25.200339915003365
4335,0.0
4336,25.198642543281217
4337,0.0
4338,25.199291511183354
4339,0.0
4340,0.0
4341,0.0
4342,12.726948126807564
4343,0.0
4344,25.131694241493626
4345,0.0
4346,69.11215916410747
4347,0.0
4348,75.61167583541399
4349,0.0
4350,74.33566339548491
4351,0.0
4352,126.10955438113595
4353,0.0
4354,92.2876383550231
4355,0.0
4356,25.03503448761679
4357,0.0
4358,41.2403486551327
4359,0.0
4360,100.14491095861209
4361,0.0
4362,80.00407262266046
4363,0.0
4364,0.0
4365,0.0
4366,25.081611881962687
4367,0.0
4368,0.0
4369,0.0
4370,44.39459285341591
4371,0.0
4372,0.0
4373,0.0
4374,53.67297553729258
4375,0.0
4376,0.0
4377,0.0
4378,62.213112620175124
4379,0.0
4380,0.0
4381,0.0
4382,1.0923987614874742
4383,0.0
4384,0.0
4385,0.0
4386,0.36032001003066916
4387,0.0
4388,0.0
4389,0.0
4390,0.16846131455867144
4391,0.0
4392,0.0
4393,0.0
4394,0.30455619895239433
4395,0.0
4396,0.0
4397,0.0
4398,0.20985670891131267
4399,0.0
4400,0.0
4401,0.0
4402,16.799001589269228
4403,0.0
4404,0.0
4405,0.0
4406,16.81256559154181
4407,0.0
4408,33.597809439320805
4409,0.0
4410,50.397642468543324
4411,0.0
4412,83.99588504679038
4413,0.0
4414,117.59595429130223
4415,0.0
4416,168.00491969117874
4417,0.0
4418,184.83705508863682
4419,0.0
4420,117.63924765438176
4421,0.0
4422,16.806015671771735
4423,0.0
4424,16.801328431104768
4425,0.0
4426,16.80816357811051
4427,0.0
4428,16.804032688512628
4429,0.0
4430,16.860329063495342
